count,Error,N,MaxCondN2
0.000000000000000e+00,NaN,1.280000000000000e+02,5.754131612820781e+01
1.000000000000000e+00,1.391002508173658e-01,2.560000000000000e+02,1.549921405644663e+01
2.000000000000000e+00,3.679055412531656e-02,5.120000000000000e+02,4.482612604611548e+00
3.000000000000000e+00,8.992767516970554e-03,1.024000000000000e+03,1.705540971213571e+00
4.000000000000000e+00,1.800673629236365e-03,2.048000000000000e+03,1.099434809122676e+00
5.000000000000000e+00,2.186109009167927e-04,4.096000000000000e+03,1.009048738473097e+00
6.000000000000000e+00,1.097694028723284e-05,8.192000000000000e+03,1.000638283749081e+00
