Tol,max_N,count,error
1.000000000000000e-04,8.192000000000000e+03,6.000000000000000e+00,1.097694028723284e-05
