Tol,max_N,count,error
1.000000000000000e-06,3.276800000000000e+04,8.000000000000000e+00,6.995203757007018e-07
