Tol,max_N,count,error
1.000000000000000e-03,4.096000000000000e+03,5.000000000000000e+00,2.186109009167927e-04
