Tol,max_N,count,error
1.000000000000000e-05,1.638400000000000e+04,7.000000000000000e+00,1.815425744539079e-06
