k,t_k,max_error_n4096_m64,max_CondN2,max_rel_error_q
1.024000000000000e+03,2.500000000000000e-01,3.227321422570206e-03,1.148918551166952e+00,5.569855302506532e-03
2.048000000000000e+03,5.000000000000000e-01,3.227321422570206e-03,2.458770420576346e+00,5.569855302506532e-03
3.072000000000000e+03,7.500000000000000e-01,3.227321422570206e-03,1.106256960537748e+01,5.569855302506532e-03
4.096000000000000e+03,1.000000000000000e+00,3.349417418220924e-03,6.260904373762481e+01,5.569855302506532e-03
