k,t_k,max_error_n9500_m32,max_CondN2,max_rel_error_q
2.375000000000000e+03,2.500000000000000e-01,2.272050503760381e-02,1.000609306317988e+00,2.730216655816031e-02
4.750000000000000e+03,5.000000000000000e-01,3.690343984157174e-02,1.016040878338039e+00,2.730216655816031e-02
7.125000000000000e+03,7.500000000000000e-01,4.794205618881264e-02,1.288905599052189e+00,2.730216655816031e-02
9.500000000000000e+03,1.000000000000000e+00,5.448029569470947e-02,3.665392957232351e+00,2.730216655816031e-02
