k,t_k,max_error_n40000_m200,max_CondN2,max_rel_error_q
1.000000000000000e+04,2.500000000000000e-01,4.602348791671318e-04,1.002750180446146e+00,6.533342930579167e-04
2.000000000000000e+04,5.000000000000000e-01,6.155627487958171e-04,1.062267122672290e+00,6.533342930579167e-04
3.000000000000000e+04,7.500000000000000e-01,6.205607747604702e-04,1.818388050039092e+00,6.533342930579167e-04
4.000000000000000e+04,1.000000000000000e+00,6.205607747604702e-04,7.284819217969941e+00,6.533342930579167e-04
