k,t_k,max_error_n47000_m85,max_CondN2,max_rel_error_q
1.175000000000000e+04,2.500000000000000e-01,5.285064887256263e-02,1.006202814930054e+00,5.202190079085689e-02
2.350000000000000e+04,5.000000000000000e-01,8.021427539594939e-02,1.121619738173245e+00,5.202190079085689e-02
3.525000000000000e+04,7.500000000000000e-01,1.215373687579131e-01,2.337363181113435e+00,5.202190079085689e-02
4.700000000000000e+04,1.000000000000000e+00,2.256007991232636e-01,1.054896445110590e+01,5.202190079085689e-02
