k,t_k,max_error_n8130_m50,max_CondN2,max_rel_error_q
2.033000000000000e+03,2.500615006150061e-01,7.953232298515189e-03,1.006079276596586e+00,1.063872700177049e-02
4.065000000000000e+03,5.000000000000000e-01,1.009540302310974e-02,1.121099171878522e+00,1.063872700177049e-02
6.098000000000000e+03,7.500615006150062e-01,1.013469741605011e-02,2.342911996321480e+00,1.063872700177049e-02
8.130000000000000e+03,1.000000000000000e+00,1.013469741605011e-02,1.055230142830786e+01,1.063872700177049e-02
