k,t_k,error_n65536_m256,CondN2
1.638400000000000e+04,2.500000000000000e-01,2.441744870245177e-03,1.089318876035231e+00
3.276800000000000e+04,5.000000000000000e-01,2.441744870245177e-03,1.995546329546939e+00
4.915200000000000e+04,7.500000000000000e-01,2.441744870245177e-03,8.247848042227183e+00
6.553600000000000e+04,1.000000000000000e+00,2.441744870245177e-03,4.719079110249369e+01
