k,t_k,max_error_n44800_m128,max_CondN2,max_rel_error_q
1.120000000000000e+04,2.500000000000000e-01,1.297437792733458e-02,1.031672198343845e+00,1.887317793849119e-02
2.240000000000000e+04,5.000000000000000e-01,1.390524936390403e-02,1.452299119824612e+00,1.887317793849119e-02
3.360000000000000e+04,7.500000000000000e-01,1.390524936390403e-02,4.739394603737633e+00,1.887317793849119e-02
4.480000000000000e+04,1.000000000000000e+00,2.090095657856494e-02,2.549457518676109e+01,1.887317793849119e-02
