k,t_k,max_error_n16384_m128,max_CondN2,max_rel_error_q
4.096000000000000e+03,2.500000000000000e-01,7.870652318171523e-03,1.650537229840322e+00,1.352290451372351e-02
8.192000000000000e+03,5.000000000000000e-01,7.870652318171523e-03,5.720181662401454e+00,1.352290451372351e-02
1.228800000000000e+04,7.500000000000000e-01,1.075988851052223e-02,3.078399685784205e+01,1.352290451372351e-02
1.638400000000000e+04,1.000000000000000e+00,1.665762002670701e+02,4.334956306264361e+03,6.633881255989193e+01
