k,t_k,error_n1024_m32,CondN2
2.560000000000000e+02,2.500000000000000e-01,1.097990120188075e-02,1.960787905113772e+00
5.120000000000000e+02,5.000000000000000e-01,1.201590345761350e-02,7.462647814624078e+00
7.680000000000000e+02,7.500000000000000e-01,1.613082539672880e+01,1.608954154553009e+02
1.024000000000000e+03,1.000000000000000e+00,3.547819516295949e+02,4.118509895840504e+02
