k,t_k,error_n90000_m300,CondN2
2.250000000000000e+04,2.500000000000000e-01,1.906346204665343e-03,1.053113153287711e+00
4.500000000000000e+04,5.000000000000000e-01,1.915922667582226e-03,1.672710505753161e+00
6.750000000000000e+04,7.500000000000000e-01,1.915922667582226e-03,6.196830278413732e+00
9.000000000000000e+04,1.000000000000000e+00,1.915922667582226e-03,3.457600372134070e+01
