Tol,max_N,count,error
1.000000000000000e-02,1.024000000000000e+03,3.000000000000000e+00,8.992767516970554e-03
