k,t_k,max_error_n128_m128,max_CondN2,max_rel_error_q
3.200000000000000e+01,2.500000000000000e-01,1.034233894383618e-04,1.000000089093063e+00,1.090662669500975e-03
6.400000000000000e+01,5.000000000000000e-01,3.803725249600376e-04,1.000000089093063e+00,1.090662669500975e-03
9.600000000000000e+01,7.500000000000000e-01,7.852195217923352e-04,1.000000089093063e+00,1.090662669500975e-03
1.280000000000000e+02,1.000000000000000e+00,1.287558497556462e-03,1.000000089093063e+00,1.090662669500975e-03
