k,t_k,max_error_n64_m64,max_CondN2,max_rel_error_q
1.600000000000000e+01,2.500000000000000e-01,4.372569443242824e-04,1.000000084573094e+00,1.117156242794615e-02
3.200000000000000e+01,5.000000000000000e-01,1.627974093104445e-03,1.000000084573094e+00,1.117156242794615e-02
4.800000000000000e+01,7.500000000000000e-01,3.375062264494133e-03,1.000000084573094e+00,1.117156242794615e-02
6.400000000000000e+01,1.000000000000000e+00,5.547277533604733e-03,1.000000084573094e+00,1.117156242794615e-02
