k,t_k,max_error_n32_m32,max_CondN2,max_rel_error_q
8.000000000000000e+00,2.500000000000000e-01,1.218007797700871e-04,1.000010728981751e+00,2.301356637120944e-03
1.600000000000000e+01,5.000000000000000e-01,4.944182004891218e-04,1.000010728981751e+00,2.301356637120944e-03
2.400000000000000e+01,7.500000000000000e-01,1.051797882890781e-03,1.000010728981751e+00,2.301356637120944e-03
3.200000000000000e+01,1.000000000000000e+00,1.750059916048707e-03,1.000010728981751e+00,2.301356637120944e-03
