k,t_k,max_error_n16_m16,max_CondN2,max_rel_error_q
4.000000000000000e+00,2.500000000000000e-01,2.934656207118636e-04,1.000009566574875e+00,7.523887904766102e-03
8.000000000000000e+00,5.000000000000000e-01,1.394512595313646e-03,1.000009566574875e+00,8.413358869480581e-03
1.200000000000000e+01,7.500000000000000e-01,3.092005093163319e-03,1.000009566574875e+00,9.631593426079998e-03
1.600000000000000e+01,1.000000000000000e+00,5.245705034576220e-03,1.000009566574875e+00,1.102765270268558e-02
