Tol,max_N,count,error
1.000000000000000e-01,5.120000000000000e+02,2.000000000000000e+00,3.679055412531656e-02
