count,Error,N,MaxCondN2
0.000000000000000e+00,NaN,1.280000000000000e+02,5.754131612820781e+01
1.000000000000000e+00,1.391002508173658e-01,2.560000000000000e+02,1.549921405644663e+01
2.000000000000000e+00,3.679055412531656e-02,5.120000000000000e+02,4.482612604611548e+00
