osc,slope,yintercept,min_res,max_res,r_squared
1.100000000000000e+01,2.080833284629712e+00,2.902834186027562e+00,9.419165866209056e-05,2.142068999424101e-01,9.984005544579669e-01
