osc,slope,yintercept,min_res,max_res,r_squared
11.000000000000000,2.080833284629712,2.902834186027562,0.000094191658662,0.214206899942410,0.998400554457967
