osc,slope,yintercept,min_res,max_res,r_squared
7.000000000000000,1.998830092297937,2.239433824041239,0.000009719898283,0.030555308208797,0.999977423328479
