osc,slope,yintercept,min_res,max_res,r_squared
7.000000000000000e+00,1.998830092297937e+00,2.239433824041239e+00,9.719898282689599e-06,3.055530820879659e-02,9.999774233284791e-01
