osc,slope,yintercept,min_res,max_res,r_squared
1.000000000000000,2.001504221665009,0.385903054232940,0.000020779907439,0.018305898492725,0.999992789521704
