osc,slope,yintercept,min_res,max_res,r_squared
3.000000000000000e+00,2.005029621056219e+00,1.836734865245398e+00,5.775399192664565e-06,2.073682046375128e-02,9.999893200820470e-01
