osc,slope,yintercept,min_res,max_res,r_squared
1.000000000000000e+00,2.001504221665009e+00,3.859030542329398e-01,2.077990743920566e-05,1.830589849272535e-02,9.999927895217040e-01
