osc,slope,yintercept,min_res,max_res,r_squared
3.000000000000000,2.005029621056219,1.836734865245398,0.000005775399193,0.020736820463751,0.999989320082047
